<?xml version="1.0" encoding="UTF-8"?>

<!DOCTYPE mapper
  PUBLIC "-//mybatis.org//DTD Mapper 3.0//EN"
  "https://mybatis.org/dtd/mybatis-3-mapper.dtd">
  
<mapper namespace="com.example.demo.dao.PHG_MemberDAO">
	<!-- 회원 가입 -->
	<insert id="register" parameterType="com.example.demo.dto.PHG_MemberDTO">
    	INSERT INTO member(user_id, user_pw, email, name, phone_number, address)
    	VALUES(#{user_id}, #{user_pw}, #{email}, #{name}, #{phone_number}, #{address})
	</insert>
  
  	<!-- 아이디 중복 체크 -->
	<select id="idOverlap" resultType="int">
		SELECT COUNT(*)
		FROM member
		WHERE user_id = #{user_id}
	</select>
	
	<!-- 로그인 -->
	<select id="login" resultType="int">
		SELECT COUNT(*)
		FROM member
		WHERE user_id = #{user_id} AND user_pw = #{user_pw}
	</select>
	
	<!-- 회원 탈퇴 -->
	<delete id="delete" parameterType="com.example.demo.dto.PHG_MemberDTO">
		DELETE FROM member
		WHERE user_id = #{user_id}
	</delete>
</mapper>